Credit_History,Married,CoapplicantIncome
1.0,0,0.0
1.0,1,1508.0
1.0,1,0.0
1.0,1,2358.0
1.0,0,0.0
1.0,1,4196.0
1.0,1,1516.0
0.0,1,2504.0
1.0,1,1526.0
1.0,1,10968.0
1.0,1,700.0
1.0,1,1840.0
1.0,1,8106.0
1.0,0,2840.0
1.0,1,1086.0
1.0,0,0.0
0.0,0,0.0
0.0,0,0.0
1.0,1,0.0
1.0,1,3500.0
0.0,1,0.0
1.0,1,5625.0
0.0,1,1911.0
0.0,1,1917.0
1.0,1,2925.0
1.0,1,0.0
1.0,1,2253.0
1.0,1,1040.0
1.0,0,0.0
1.0,0,2083.0
1.0,1,3369.0
1.0,0,0.0
1.0,0,0.0
1.0,1,1667.0
1.0,0,3000.0
1.0,1,2067.0
0.0,1,1330.0
1.0,1,1459.0
1.0,0,7210.0
1.0,0,1668.0
1.0,0,0.0
1.0,0,1213.0
1.0,1,0.0
1.0,1,2336.0
1.0,1,0.0
1.0,0,0.0
1.0,1,0.0
1.0,1,0.0
0.0,1,3440.0
1.0,0,2275.0
1.0,1,1644.0
1.0,0,0.0
1.0,0,0.0
1.0,1,0.0
0.0,1,0.0
1.0,1,1167.0
1.0,1,1591.0
1.0,1,2200.0
1.0,1,2250.0
1.0,1,2859.0
1.0,1,3796.0
1.0,1,0.0
0.0,1,3449.0
0.0,1,0.0
0.0,0,0.0
1.0,1,4595.0
0.0,0,2254.0
1.0,1,0.0
1.0,1,0.0
0.0,0,0.0
1.0,1,3066.0
1.0,1,1875.0
1.0,0,0.0
0.0,1,0.0
1.0,1,1774.0
1.0,0,0.0
1.0,0,4750.0
1.0,1,3022.0
0.0,1,4000.0
1.0,1,2166.0
1.0,0,0.0
1.0,1,0.0
1.0,1,1881.0
1.0,1,2250.0
1.0,1,0.0
1.0,0,2531.0
1.0,1,2000.0
1.0,1,2118.0
1.0,0,0.0
1.0,1,4167.0
1.0,1,2900.0
1.0,1,5654.0
1.0,1,1820.0
1.0,0,0.0
1.0,0,0.0
1.0,0,0.0
1.0,1,2302.0
1.0,1,997.0
1.0,1,0.0
1.0,1,3541.0
1.0,1,3263.0
1.0,0,3806.0
1.0,1,0.0
1.0,1,3583.0
1.0,1,754.0
1.0,1,1030.0
1.0,1,1126.0
1.0,0,0.0
0.0,1,3600.0
1.0,1,754.0
1.0,0,0.0
1.0,1,2333.0
0.0,1,4114.0
1.0,0,0.0
1.0,0,0.0
1.0,1,0.0
1.0,1,2283.0
1.0,1,1398.0
1.0,1,2142.0
1.0,0,0.0
1.0,1,2667.0
1.0,0,0.0
0.0,0,8980.0
1.0,1,0.0
1.0,1,2014.0
1.0,0,0.0
1.0,1,0.0
1.0,0,1640.0
0.0,1,3850.0
1.0,1,2569.0
1.0,0,0.0
1.0,0,1929.0
1.0,0,0.0
1.0,1,0.0
1.0,0,0.0
1.0,1,7750.0
1.0,1,0.0
1.0,1,3500.0
0.0,0,0.0
1.0,1,1430.0
1.0,1,2083.0
1.0,0,0.0
1.0,0,0.0
1.0,1,2034.0
1.0,1,0.0
1.0,1,4486.0
1.0,1,0.0
1.0,1,1425.0
1.0,0,1666.0
1.0,1,830.0
0.0,0,0.0
1.0,1,3750.0
1.0,0,0.0
1.0,1,0.0
1.0,0,0.0
0.0,1,0.0
1.0,1,0.0
1.0,1,0.0
1.0,0,2083.0
1.0,1,5625.0
1.0,1,1041.0
1.0,1,0.0
0.0,1,1280.0
1.0,1,1447.0
1.0,1,0.0
1.0,1,3166.0
1.0,1,0.0
1.0,1,3333.0
0.0,0,0.0
1.0,1,0.0
1.0,1,1769.0
1.0,1,0.0
1.0,1,0.0
1.0,1,5625.0
1.0,1,736.0
1.0,1,1964.0
1.0,1,1619.0
0.0,1,11300.0
1.0,1,0.0
0.0,0,1451.0
0.0,1,7250.0
1.0,0,5063.0
1.0,1,0.0
1.0,1,0.0
1.0,1,0.0
1.0,1,4750.0
0.0,1,0.0
1.0,1,2138.0
1.0,1,5296.0
1.0,1,0.0
1.0,0,0.0
1.0,0,0.0
1.0,1,0.0
1.0,0,0.0
1.0,0,0.0
1.0,1,2583.0
1.0,0,3750.0
1.0,0,2365.0
1.0,1,2816.0
1.0,0,0.0
1.0,1,2500.0
0.0,0,0.0
1.0,1,0.0
1.0,1,1083.0
1.0,1,0.0
1.0,0,0.0
1.0,0,0.0
1.0,0,2531.0
1.0,0,0.0
1.0,0,0.0
1.0,0,0.0
0.0,1,1250.0
1.0,1,0.0
1.0,1,0.0
1.0,1,3021.0
1.0,1,983.0
1.0,1,1800.0
1.0,1,1775.0
0.0,1,0.0
0.0,1,2383.0
0.0,1,0.0
1.0,1,1717.0
1.0,0,2791.0
1.0,1,1010.0
1.0,1,0.0
1.0,1,0.0
1.0,1,0.0
1.0,1,1695.0
1.0,1,0.0
1.0,0,0.0
1.0,1,2054.0
1.0,1,0.0
1.0,0,2598.0
1.0,0,0.0
1.0,1,1779.0
1.0,1,1260.0
1.0,1,0.0
1.0,0,0.0
1.0,0,0.0
1.0,1,0.0
1.0,1,5000.0
1.0,1,1983.0
1.0,0,5701.0
1.0,1,1300.0
1.0,1,4417.0
1.0,0,4333.0
1.0,1,0.0
1.0,1,0.0
1.0,1,1843.0
1.0,1,1868.0
0.0,1,3890.0
1.0,0,0.0
1.0,0,2167.0
1.0,1,7101.0
0.0,0,0.0
1.0,0,0.0
0.0,0,0.0
1.0,1,0.0
1.0,1,2100.0
1.0,1,0.0
1.0,1,4250.0
1.0,0,2209.0
1.0,0,0.0
1.0,0,0.0
1.0,0,0.0
1.0,0,3447.0
1.0,1,1387.0
0.0,1,1811.0
1.0,0,0.0
1.0,0,1560.0
1.0,0,0.0
1.0,1,0.0
1.0,0,1857.0
1.0,1,2223.0
1.0,1,0.0
1.0,1,1842.0
1.0,1,3274.0
1.0,1,1300.0
1.0,1,0.0
0.0,1,0.0
0.0,0,2426.0
1.0,1,800.0
1.0,1,985.7999878
1.0,0,1666.0
1.0,1,0.0
1.0,0,3053.0
1.0,0,1717.0
1.0,1,2000.0
1.0,0,0.0
1.0,0,0.0
1.0,1,2416.0
0.0,1,0.0
1.0,1,1560.0
0.0,0,0.0
1.0,1,3334.0
1.0,1,1250.0
1.0,1,0.0
1.0,1,0.0
1.0,0,2541.0
1.0,1,2925.0
0.0,1,2934.0
1.0,1,1750.0
1.0,0,0.0
1.0,1,1803.0
1.0,0,2500.0
1.0,0,0.0
1.0,0,1666.0
0.0,0,1863.0
1.0,0,0.0
1.0,1,0.0
1.0,0,0.0
1.0,0,2405.0
1.0,0,0.0
1.0,1,0.0
1.0,1,1843.0
1.0,1,1640.0
1.0,1,0.0
1.0,1,2134.0
1.0,0,0.0
1.0,1,0.0
1.0,1,2167.0
1.0,1,189.0
1.0,1,1590.0
1.0,0,2985.0
1.0,1,0.0
0.0,1,4983.0
0.0,0,0.0
1.0,1,2160.0
1.0,1,2451.0
1.0,0,0.0
1.0,0,1793.0
1.0,0,0.0
1.0,0,0.0
1.0,1,0.0
1.0,1,1833.0
1.0,1,4490.0
1.0,1,688.0
1.0,1,4600.0
0.0,0,0.0
1.0,0,0.0
1.0,1,1587.0
1.0,0,0.0
1.0,1,1229.0
1.0,1,0.0
1.0,1,2330.0
1.0,1,2458.0
0.0,1,3230.0
1.0,1,2168.0
1.0,1,4583.0
1.0,1,6250.0
1.0,1,0.0
1.0,0,4167.0
1.0,1,2083.0
0.0,1,0.0
1.0,1,505.0
1.0,0,0.0
1.0,1,3167.0
1.0,1,0.0
0.0,1,1666.0
1.0,1,3167.0
1.0,0,0.0
1.0,1,3667.0
1.0,1,2333.0
1.0,1,3033.0
1.0,0,0.0
1.0,0,0.0
1.0,0,0.0
0.0,0,0.0
1.0,1,0.0
1.0,1,5266.0
1.0,0,0.0
1.0,1,0.0
1.0,1,7873.0
0.0,0,1987.0
1.0,0,1459.0
1.0,1,923.0
1.0,1,4996.0
1.0,1,0.0
1.0,0,0.0
1.0,1,0.0
1.0,1,2500.0
1.0,0,4232.0
1.0,0,0.0
1.0,0,0.0
1.0,1,0.0
1.0,0,0.0
1.0,0,1600.0
0.0,1,3136.0
1.0,1,2417.0
1.0,1,0.0
1.0,0,0.0
1.0,1,0.0
1.0,1,2115.0
1.0,1,1625.0
1.0,1,1400.0
0.0,1,484.0
0.0,0,0.0
1.0,1,1459.0
1.0,0,1666.0
0.0,0,1800.0
0.0,1,0.0
1.0,0,0.0
1.0,0,20000.0
1.0,0,0.0
1.0,0,0.0
1.0,0,0.0
1.0,1,2400.0
1.0,0,0.0
0.0,1,0.0
0.0,1,0.0
1.0,0,0.0
0.0,1,0.0
0.0,1,0.0
1.0,1,2033.0
0.0,1,3237.0
1.0,0,0.0
1.0,0,0.0
1.0,1,20000.0
1.0,1,2773.0
1.0,1,1417.0
1.0,1,0.0
0.0,0,0.0
1.0,1,1719.0
0.0,1,1667.0
1.0,1,0.0
1.0,1,4300.0
1.0,0,0.0
1.0,1,0.0
1.0,1,16.12000084
1.0,0,0.0
1.0,0,0.0
0.0,0,0.0
1.0,0,0.0
1.0,1,2340.0
1.0,0,0.0
1.0,1,0.0
1.0,0,1851.0
1.0,1,1125.0
0.0,0,0.0
1.0,1,0.0
1.0,0,5064.0
1.0,1,1833.0
1.0,0,1993.0
1.0,0,0.0
1.0,1,8333.0
1.0,1,1210.0
1.0,1,0.0
1.0,1,1376.0
0.0,1,1710.0
0.0,0,1542.0
0.0,1,1255.0
0.0,1,1456.0
0.0,1,1733.0
0.0,1,2466.0
1.0,0,0.0
1.0,1,0.0
1.0,1,0.0
1.0,1,2569.0
1.0,0,0.0
1.0,1,0.0
1.0,1,4083.0
1.0,1,0.0
1.0,1,2188.0
1.0,0,0.0
0.0,0,0.0
1.0,0,0.0
0.0,1,1664.0
1.0,1,0.0
1.0,1,2917.0
1.0,1,2451.0
1.0,1,2079.0
0.0,1,1500.0
1.0,1,0.0
1.0,0,0.0
1.0,0,4648.0
1.0,1,1014.0
1.0,1,1750.0
0.0,1,1872.0
1.0,1,2250.0
1.0,1,1603.0
1.0,0,0.0
1.0,1,0.0
1.0,1,3150.0
1.0,1,0.0
1.0,1,0.0
1.0,1,2436.0
0.0,0,0.0
1.0,1,0.0
1.0,1,2083.0
1.0,0,0.0
1.0,0,2785.0
1.0,1,1131.0
1.0,0,0.0
1.0,0,0.0
0.0,1,2157.0
1.0,1,913.0
1.0,1,1700.0
1.0,1,2857.0
1.0,1,0.0
0.0,0,4416.0
1.0,0,3683.0
1.0,0,0.0
1.0,1,5624.0
1.0,1,5302.0
1.0,1,1483.0
1.0,1,4416.0
1.0,1,6667.0
1.0,0,0.0
1.0,1,3013.0
1.0,0,0.0
1.0,0,1287.0
1.0,1,2004.0
1.0,1,2035.0
1.0,1,6666.0
1.0,0,3666.0
1.0,1,3428.0
1.0,1,1632.0
0.0,1,1800.0
1.0,0,1915.0
1.0,0,0.0
1.0,1,1742.0
1.0,0,0.0
1.0,1,1424.0
1.0,1,7166.0
1.0,0,2087.0
1.0,1,0.0
1.0,1,0.0
0.0,1,1430.0
1.0,0,1302.0
1.0,0,0.0
1.0,1,5500.0
1.0,1,0.0
0.0,0,0.0
1.0,0,0.0
1.0,0,0.0
1.0,0,2042.0
1.0,1,3906.0
1.0,0,0.0
1.0,1,536.0
1.0,1,0.0
1.0,1,2845.0
0.0,0,0.0
1.0,0,0.0
1.0,1,2524.0
1.0,1,663.0
1.0,1,1950.0
1.0,0,0.0
1.0,0,1783.0
0.0,0,0.0
1.0,1,2016.0
0.0,1,0.0
1.0,1,2375.0
1.0,1,3250.0
0.0,1,2333.0
0.0,1,4266.0
1.0,1,1032.0
1.0,0,1625.0
1.0,1,0.0
1.0,1,2669.0
1.0,1,2306.0
1.0,1,242.0
1.0,1,0.0
1.0,1,2054.0
1.0,0,0.0
0.0,1,0.0
1.0,1,0.0
1.0,0,0.0
0.0,1,2500.0
1.0,0,0.0
0.0,1,2064.0
1.0,1,1750.0
0.0,1,1451.0
1.0,1,0.0
1.0,1,1625.0
1.0,1,0.0
1.0,1,461.0
0.0,1,2210.0
1.0,0,2739.0
1.0,1,2232.0
1.0,0,2917.0
1.0,1,0.0
1.0,0,33837.0
1.0,1,0.0
0.0,1,0.0
0.0,1,1917.0
1.0,1,3000.0
1.0,1,1522.0
1.0,0,0.0
1.0,0,0.0
0.0,1,0.0
1.0,1,3416.0
1.0,1,0.0
1.0,0,0.0
1.0,1,3300.0
1.0,1,0.0
1.0,0,0.0
1.0,1,1000.0
0.0,0,0.0
1.0,1,0.0
1.0,1,0.0
1.0,0,41667.0
1.0,1,2792.0
1.0,1,0.0
1.0,0,4301.0
1.0,1,0.0
1.0,1,3800.0
1.0,1,2500.0
1.0,1,1411.0
1.0,1,1950.0
1.0,0,0.0
1.0,1,0.0
1.0,1,240.0
1.0,1,0.0
0.0,0,0.0
